id,name,lat,lng,total_votes,turnout,margin,winning_party,tmc_share,bjp_share,cpim_share,inc_share,others_share,urbanization,literacy,income,cluster
1,Constituency 1,21.635714285714286,85.94285714285715,167724,89.0,1.82,TMC,45.66,43.84,1.0,1.0,8.5,13.09,71.52,68.02,1
2,Constituency 2,21.635714285714286,86.22857142857143,153439,80.49,2.44,TMC,39.58,37.14,9.54,4.38,9.37,49.43,74.15,48.8,2
3,Constituency 3,21.635714285714286,86.5142857142857,223818,87.59,17.94,TMC,48.92,30.98,8.22,1.0,10.88,40.16,75.08,53.54,0
4,Constituency 4,21.635714285714286,86.80000000000001,182816,83.17,0.64,TMC,45.24,44.6,5.68,1.17,3.32,47.13,76.49,43.35,2
5,Constituency 5,21.635714285714286,87.08571428571429,249212,80.33,12.59,TMC,45.34,32.75,9.71,3.45,8.75,22.24,86.7,61.47,1
6,Constituency 6,21.635714285714286,87.37142857142857,198089,77.46,12.93,TMC,51.1,38.17,7.61,2.18,0.95,19.88,79.21,26.29,3
7,Constituency 7,21.635714285714286,87.65714285714284,166928,86.29,13.51,TMC,49.61,36.1,12.39,0.95,0.95,10.0,84.47,40.19,3
8,Constituency 8,21.635714285714286,87.94285714285715,177060,87.75,18.79,TMC,55.06,36.28,6.54,1.06,1.06,19.89,78.79,39.74,3
9,Constituency 9,21.635714285714286,88.22857142857143,265504,81.51,9.59,TMC,46.67,37.08,1.4,4.05,10.8,46.35,84.3,58.07,0
10,Constituency 10,21.635714285714286,88.5142857142857,208869,85.52,11.38,TMC,40.7,29.33,9.86,10.01,10.1,47.27,85.4,56.08,0
11,Constituency 11,21.635714285714286,88.80000000000001,210166,80.74,2.66,TMC,42.0,39.35,11.74,2.62,4.29,41.25,63.69,39.99,2
12,Constituency 12,21.635714285714286,89.08571428571429,213259,78.18,5.59,TMC,45.24,39.66,5.17,4.92,5.02,38.95,76.14,53.25,0
13,Constituency 13,21.635714285714286,89.37142857142857,236063,84.16,2.07,TMC,39.51,37.44,6.21,4.7,12.15,34.87,85.66,51.52,0
14,Constituency 14,21.635714285714286,89.65714285714284,171175,90.51,6.68,TMC,50.18,43.5,4.07,1.12,1.12,42.95,81.56,51.09,0
15,Constituency 15,21.90714285714286,85.94285714285715,174984,87.03,0.57,TMC,48.24,47.67,1.24,1.24,1.62,43.79,75.3,45.62,2
16,Constituency 16,21.90714285714286,86.22857142857143,232127,76.68,5.44,TMC,40.78,35.35,10.09,0.85,12.92,16.07,67.31,68.24,1
17,Constituency 17,21.90714285714286,86.5142857142857,238561,74.17,17.65,TMC,46.24,28.6,8.56,11.13,5.47,10.0,71.15,41.41,3
18,Constituency 18,21.90714285714286,86.80000000000001,213732,75.35,2.93,BJP,37.15,40.09,4.06,14.18,4.52,35.12,99.21,58.1,0
19,Constituency 19,21.90714285714286,87.08571428571429,178446,84.97,7.01,TMC,46.99,39.98,4.95,1.37,6.71,10.0,66.93,39.96,3
20,Constituency 20,21.90714285714286,87.37142857142857,164058,72.32,2.82,TMC,45.68,42.85,9.1,1.19,1.19,45.63,70.44,43.33,2
21,Constituency 21,21.90714285714286,87.65714285714284,204787,82.97,5.6,TMC,45.49,39.89,1.08,8.09,5.45,47.75,73.0,61.84,0
22,Constituency 22,21.90714285714286,87.94285714285715,181822,81.31,12.43,BJP,36.93,49.36,8.07,1.14,4.49,26.65,69.61,75.54,1
23,Constituency 23,21.90714285714286,88.22857142857143,198887,73.66,15.62,TMC,48.25,32.63,3.56,7.16,8.41,38.8,81.49,65.14,0
24,Constituency 24,21.90714285714286,88.5142857142857,171971,78.41,7.59,TMC,46.12,38.53,4.28,3.4,7.67,50.12,69.03,45.27,2
25,Constituency 25,21.90714285714286,88.80000000000001,253673,84.25,1.32,BJP,35.68,37.0,13.34,9.86,4.13,32.62,75.55,57.21,0
26,Constituency 26,21.90714285714286,89.08571428571429,181358,85.43,2.94,TMC,42.67,39.73,14.51,0.91,2.19,22.28,66.68,54.62,1
27,Constituency 27,21.90714285714286,89.37142857142857,170369,71.8,7.65,BJP,33.07,40.72,11.1,7.35,7.76,41.91,73.47,61.34,0
28,Constituency 28,21.90714285714286,89.65714285714284,229428,74.28,0.51,TMC,46.15,45.64,2.03,1.18,4.99,10.0,66.88,21.81,3
29,Constituency 29,22.17857142857143,85.94285714285715,151659,75.93,5.79,BJP,34.7,40.49,5.64,8.55,10.62,50.81,94.04,27.02,2
30,Constituency 30,22.17857142857143,86.22857142857143,193572,83.0,22.94,TMC,50.61,27.68,12.88,7.52,1.31,47.16,75.01,70.93,0
31,Constituency 31,22.17857142857143,86.5142857142857,216044,75.63,3.66,TMC,47.43,43.77,1.25,5.47,2.08,44.12,68.34,62.63,0
32,Constituency 32,22.17857142857143,86.80000000000001,187018,74.55,16.25,TMC,51.01,34.76,8.57,1.07,4.59,30.1,75.02,46.51,3
33,Constituency 33,22.17857142857143,87.08571428571429,212189,69.7,16.16,TMC,55.98,39.82,2.31,0.95,0.95,52.61,83.52,44.12,2
34,Constituency 34,22.17857142857143,87.37142857142857,151390,80.48,3.76,TMC,45.46,41.7,10.48,1.17,1.17,53.21,75.67,65.38,0
35,Constituency 35,22.17857142857143,87.65714285714284,231521,80.38,5.28,TMC,43.35,38.07,1.14,7.69,9.75,41.95,81.52,36.65,2
36,Constituency 36,22.17857142857143,87.94285714285715,237071,80.83,20.01,TMC,52.9,32.89,0.97,6.74,6.49,22.54,69.91,57.66,1
37,Constituency 37,22.17857142857143,88.22857142857143,197509,79.7,0.86,TMC,41.64,40.79,6.09,1.03,10.45,57.86,82.41,64.33,0
38,Constituency 38,22.17857142857143,88.5142857142857,186582,74.01,7.48,BJP,35.67,43.15,12.64,1.12,7.42,54.08,69.33,52.33,2
39,Constituency 39,22.17857142857143,88.80000000000001,199836,77.85,5.03,TMC,39.49,34.46,3.78,14.63,7.64,20.37,83.58,57.75,1
40,Constituency 40,22.17857142857143,89.08571428571429,155156,84.04,1.6,BJP,41.82,43.43,2.69,11.04,1.02,14.54,85.27,38.38,3
41,Constituency 41,22.17857142857143,89.37142857142857,199933,83.02,5.98,TMC,46.94,40.96,6.07,0.92,5.12,10.0,53.59,32.68,3
42,Constituency 42,22.17857142857143,89.65714285714284,226712,81.28,0.58,BJP,40.78,41.36,1.06,9.98,6.82,17.66,72.75,46.18,3
43,Constituency 43,22.45,85.94285714285715,231345,74.32,8.33,TMC,44.49,36.15,3.31,4.8,11.25,37.75,72.68,42.62,2
44,Constituency 44,22.45,86.22857142857143,142096,74.65,9.71,TMC,49.8,40.09,1.15,6.15,2.81,50.32,89.69,54.36,0
45,Constituency 45,22.45,86.5142857142857,217200,91.3,14.96,TMC,52.06,37.1,8.11,1.72,1.02,18.83,74.12,25.1,3
46,Constituency 46,22.45,86.80000000000001,155139,82.9,16.19,TMC,48.24,32.05,10.32,8.41,0.97,49.74,55.59,73.26,0
47,Constituency 47,22.45,87.08571428571429,207105,85.64,4.99,BJP,34.06,39.06,13.99,6.24,6.65,35.7,68.5,27.55,3
48,Constituency 48,22.45,87.37142857142857,214538,78.5,3.61,TMC,41.02,37.41,6.61,7.87,7.09,10.0,69.94,45.09,3
49,Constituency 49,22.45,87.65714285714284,175561,78.62,6.93,TMC,41.95,35.03,8.73,6.68,7.62,28.16,89.13,72.17,0
50,Constituency 50,22.45,87.94285714285715,199467,72.21,0.92,TMC,39.5,38.58,11.22,6.94,3.77,33.86,50.0,39.0,3
51,Constituency 51,22.45,88.22857142857143,215078,74.87,9.11,TMC,42.93,33.81,8.57,6.3,8.39,39.12,65.24,81.26,0
52,Constituency 52,22.45,88.5142857142857,146863,77.61,6.47,TMC,47.8,41.33,8.45,1.03,1.38,10.0,80.97,42.81,3
53,Constituency 53,22.45,88.80000000000001,237026,74.29,14.89,TMC,52.42,37.53,5.68,3.32,1.04,10.0,85.48,49.11,3
54,Constituency 54,22.45,89.08571428571429,239155,81.44,9.69,TMC,48.66,38.96,7.08,1.07,4.23,36.75,74.68,66.12,0
55,Constituency 55,22.45,89.37142857142857,222585,82.52,6.15,TMC,47.13,40.98,4.5,6.39,1.0,10.0,69.39,55.5,1
56,Constituency 56,22.45,89.65714285714284,240677,76.08,22.87,TMC,52.73,29.86,11.83,1.0,4.58,39.31,91.35,26.49,3
57,Constituency 57,22.72142857142857,85.94285714285715,152699,85.65,1.92,TMC,39.76,37.85,9.84,2.85,9.7,10.0,87.95,41.45,3
58,Constituency 58,22.72142857142857,86.22857142857143,207388,84.64,1.01,TMC,41.07,40.06,9.31,6.55,3.02,10.0,83.81,43.87,3
59,Constituency 59,22.72142857142857,86.5142857142857,214458,78.54,1.03,TMC,42.53,41.5,5.53,3.44,7.0,17.66,91.12,60.05,1
60,Constituency 60,22.72142857142857,86.80000000000001,150448,71.06,12.88,TMC,51.89,39.01,1.5,1.25,6.35,32.83,87.48,46.33,0
61,Constituency 61,22.72142857142857,87.08571428571429,146668,79.56,4.1,TMC,38.9,34.79,11.57,6.4,8.33,43.27,89.77,49.64,0
62,Constituency 62,22.72142857142857,87.37142857142857,225581,76.63,10.11,TMC,47.24,37.13,2.37,2.91,10.34,12.61,77.98,72.33,1
63,Constituency 63,22.72142857142857,87.65714285714284,154913,79.17,11.88,TMC,49.47,37.59,5.21,1.04,6.68,59.9,91.35,43.51,2
64,Constituency 64,22.72142857142857,87.94285714285715,176580,89.83,4.27,TMC,39.9,35.63,10.85,6.06,7.56,39.18,65.13,50.25,0
65,Constituency 65,22.72142857142857,88.22857142857143,177979,80.13,12.04,TMC,48.93,36.89,6.71,1.13,6.34,70.15,88.09,24.87,2
66,Constituency 66,22.72142857142857,88.5142857142857,204259,85.14,9.48,BJP,32.68,42.16,15.52,2.11,7.53,45.14,73.84,63.72,0
67,Constituency 67,22.72142857142857,88.80000000000001,196283,76.06,11.52,TMC,47.23,35.71,9.34,4.63,3.08,34.49,63.2,60.62,0
68,Constituency 68,22.72142857142857,89.08571428571429,220297,74.27,6.04,TMC,48.21,42.17,7.08,1.22,1.33,43.14,94.73,48.63,0
69,Constituency 69,22.72142857142857,89.37142857142857,218703,88.99,2.46,BJP,37.13,39.6,10.79,11.5,0.98,24.32,77.08,55.3,1
70,Constituency 70,22.72142857142857,89.65714285714284,207962,77.54,7.01,TMC,38.69,31.68,15.39,6.51,7.74,60.32,70.64,47.62,2
71,Constituency 71,22.992857142857144,85.94285714285715,139440,81.8,4.14,TMC,41.48,37.34,14.23,3.02,3.94,38.95,87.61,34.62,2
72,Constituency 72,22.992857142857144,86.22857142857143,193987,71.84,5.52,BJP,41.93,47.46,5.62,1.12,3.87,49.5,66.28,47.93,2
73,Constituency 73,22.992857142857144,86.5142857142857,173912,83.77,3.64,BJP,37.41,41.05,13.47,1.0,7.08,10.0,72.03,33.07,3
74,Constituency 74,22.992857142857144,86.80000000000001,216877,79.01,4.37,TMC,40.14,35.77,11.06,8.02,5.01,20.08,70.3,28.78,3
75,Constituency 75,22.992857142857144,87.08571428571429,190168,77.52,8.09,TMC,44.37,36.28,0.97,11.63,6.75,10.0,72.05,43.58,3
76,Constituency 76,22.992857142857144,87.37142857142857,204213,81.96,3.12,TMC,40.84,37.72,7.36,6.63,7.45,24.79,64.95,54.05,1
77,Constituency 77,22.992857142857144,87.65714285714284,176935,78.66,9.01,TMC,46.39,37.37,8.0,2.72,5.52,35.59,71.72,39.56,3
78,Constituency 78,22.992857142857144,87.94285714285715,164328,73.95,5.68,TMC,46.32,40.64,0.94,5.56,6.55,40.68,83.92,62.75,0
79,Constituency 79,22.992857142857144,88.22857142857143,157001,78.73,17.18,TMC,47.28,30.09,5.84,13.22,3.56,35.49,85.83,58.21,0
80,Constituency 80,22.992857142857144,88.5142857142857,198734,82.61,2.8,TMC,41.11,38.31,8.87,6.75,4.95,26.51,83.24,73.19,0
81,Constituency 81,22.992857142857144,88.80000000000001,194053,76.04,0.64,BJP,42.69,43.33,4.92,8.02,1.04,18.26,70.26,28.02,3
82,Constituency 82,22.992857142857144,89.08571428571429,188639,78.86,14.17,TMC,48.91,34.74,13.22,1.05,2.06,40.12,72.67,65.89,0
83,Constituency 83,22.992857142857144,89.37142857142857,246550,80.16,19.89,TMC,52.63,32.74,10.57,3.03,1.03,16.71,60.91,51.99,1
84,Constituency 84,22.992857142857144,89.65714285714284,231144,76.9,0.29,BJP,39.68,39.97,11.3,4.18,4.88,27.06,68.27,51.6,1
85,Constituency 85,23.264285714285716,85.94285714285715,218843,71.08,2.29,TMC,39.81,37.52,8.12,10.32,4.23,38.02,72.87,54.34,0
86,Constituency 86,23.264285714285716,86.22857142857143,221409,73.31,11.05,TMC,49.38,38.33,0.95,3.77,7.57,22.58,81.81,46.01,3
87,Constituency 87,23.264285714285716,86.5142857142857,175669,75.57,8.31,TMC,50.42,42.1,2.6,3.81,1.07,10.0,73.38,40.58,3
88,Constituency 88,23.264285714285716,86.80000000000001,144995,86.41,13.6,TMC,47.09,33.49,9.1,1.0,9.32,52.27,83.3,54.28,2
89,Constituency 89,23.264285714285716,87.08571428571429,193599,87.47,7.55,TMC,47.12,39.57,1.03,8.74,3.54,25.99,80.81,30.37,3
90,Constituency 90,23.264285714285716,87.37142857142857,256507,85.08,17.21,TMC,50.34,33.12,8.29,5.25,3.0,10.0,67.24,63.5,1
91,Constituency 91,23.264285714285716,87.65714285714284,161640,83.33,4.7,TMC,38.87,34.17,13.9,2.98,10.08,12.77,76.87,50.63,1
92,Constituency 92,23.264285714285716,87.94285714285715,184189,79.68,1.56,TMC,36.18,34.62,7.85,13.7,7.65,40.19,82.08,38.27,2
93,Constituency 93,23.264285714285716,88.22857142857143,228451,81.79,14.79,TMC,46.3,31.51,6.03,5.78,10.39,65.13,87.15,49.46,2
94,Constituency 94,23.264285714285716,88.5142857142857,175771,83.3,1.19,TMC,38.57,37.39,9.5,9.12,5.42,50.48,57.55,52.05,2
95,Constituency 95,23.264285714285716,88.80000000000001,211737,73.6,11.74,TMC,44.92,33.17,11.79,4.48,5.64,27.42,76.81,60.59,1
96,Constituency 96,23.264285714285716,89.08571428571429,215770,78.35,9.0,TMC,46.56,37.56,7.07,3.12,5.68,27.0,91.01,32.65,3
97,Constituency 97,23.264285714285716,89.37142857142857,218904,78.17,9.56,TMC,47.21,37.65,11.54,2.57,1.03,26.99,75.14,55.96,1
98,Constituency 98,23.264285714285716,89.65714285714284,219531,86.81,1.71,BJP,40.99,42.69,11.76,1.01,3.55,62.2,88.49,59.88,2
99,Constituency 99,23.535714285714285,85.94285714285715,207158,79.99,12.18,TMC,49.0,36.82,10.5,1.15,2.54,54.2,96.28,59.64,0
100,Constituency 100,23.535714285714285,86.22857142857143,225725,79.76,1.57,BJP,37.02,38.59,10.71,7.73,5.94,10.0,82.21,56.64,1
101,Constituency 101,23.535714285714285,86.5142857142857,179327,83.44,1.28,BJP,34.21,35.49,10.93,6.88,12.49,53.69,65.78,30.55,2
102,Constituency 102,23.535714285714285,86.80000000000001,196890,81.34,10.0,TMC,47.09,37.09,1.16,13.51,1.16,36.96,76.05,57.28,0
103,Constituency 103,23.535714285714285,87.08571428571429,179188,80.82,10.52,TMC,45.77,35.25,6.72,1.63,10.63,29.32,82.48,34.26,3
104,Constituency 104,23.535714285714285,87.37142857142857,195711,83.39,11.45,TMC,49.84,38.39,6.45,4.18,1.14,41.8,92.18,51.25,0
105,Constituency 105,23.535714285714285,87.65714285714284,202692,83.74,10.6,TMC,43.69,33.09,11.63,8.57,3.03,18.11,76.75,39.45,3
106,Constituency 106,23.535714285714285,87.94285714285715,213728,85.12,7.78,TMC,47.05,39.27,10.72,1.05,1.91,24.0,79.19,62.6,1
107,Constituency 107,23.535714285714285,88.22857142857143,135286,86.84,14.19,TMC,54.21,40.02,3.48,1.15,1.15,10.0,72.67,66.19,1
108,Constituency 108,23.535714285714285,88.5142857142857,197225,79.99,12.48,TMC,42.97,30.5,6.43,3.81,16.29,44.68,55.67,73.69,0
109,Constituency 109,23.535714285714285,88.80000000000001,206521,86.71,5.02,TMC,44.2,39.18,2.16,7.93,6.54,23.13,77.15,65.39,1
110,Constituency 110,23.535714285714285,89.08571428571429,226183,75.04,5.58,BJP,34.6,40.17,9.39,7.71,8.14,24.06,85.24,24.02,3
111,Constituency 111,23.535714285714285,89.37142857142857,206665,73.15,8.36,BJP,31.73,40.1,5.59,13.12,9.46,28.99,84.97,51.43,0
112,Constituency 112,23.535714285714285,89.65714285714284,151535,78.74,0.57,TMC,42.9,42.33,3.23,3.74,7.8,42.12,69.75,62.76,0
113,Constituency 113,23.807142857142857,85.94285714285715,220766,84.78,0.5,BJP,40.99,41.49,11.72,4.66,1.15,48.01,59.43,67.05,0
114,Constituency 114,23.807142857142857,86.22857142857143,195076,77.86,18.29,TMC,49.84,31.56,7.89,6.94,3.77,27.1,69.25,45.92,3
115,Constituency 115,23.807142857142857,86.5142857142857,205037,69.41,4.72,TMC,44.37,39.64,1.0,6.67,8.32,10.0,72.28,36.91,3
116,Constituency 116,23.807142857142857,86.80000000000001,203989,73.48,14.76,TMC,44.9,30.14,11.93,10.86,2.17,36.81,68.64,71.79,0
117,Constituency 117,23.807142857142857,87.08571428571429,214833,74.71,17.94,TMC,49.33,31.39,4.02,11.67,3.6,17.47,87.57,64.29,1
118,Constituency 118,23.807142857142857,87.37142857142857,210974,77.72,10.14,TMC,49.32,39.18,2.87,7.64,0.98,43.91,66.49,47.28,2
119,Constituency 119,23.807142857142857,87.65714285714284,168670,81.87,1.35,TMC,39.71,38.36,5.69,13.92,2.32,37.57,60.75,68.86,0
120,Constituency 120,23.807142857142857,87.94285714285715,127220,76.48,2.73,TMC,42.0,39.27,2.19,4.48,12.06,30.8,78.66,22.54,3
121,Constituency 121,23.807142857142857,88.22857142857143,157627,84.61,0.86,TMC,43.81,42.95,1.95,3.23,8.06,37.74,80.14,67.74,0
122,Constituency 122,23.807142857142857,88.5142857142857,178177,86.46,7.26,TMC,46.44,39.18,6.54,1.0,6.84,10.0,69.13,56.67,1
123,Constituency 123,23.807142857142857,88.80000000000001,285173,74.05,0.2,BJP,42.97,43.17,3.18,0.97,9.71,36.54,78.84,47.77,0
124,Constituency 124,23.807142857142857,89.08571428571429,140982,72.18,1.7,TMC,47.05,45.35,5.6,1.0,1.0,30.71,90.3,63.27,0
125,Constituency 125,23.807142857142857,89.37142857142857,154717,73.8,21.68,TMC,58.22,36.55,2.68,1.15,1.4,48.29,60.81,74.43,0
126,Constituency 126,23.807142857142857,89.65714285714284,147398,78.91,9.78,TMC,45.21,35.44,8.92,0.97,9.46,35.54,71.91,50.49,0
127,Constituency 127,24.07857142857143,85.94285714285715,205860,83.01,4.6,TMC,39.29,34.68,2.11,11.66,12.26,49.3,54.19,35.76,2
128,Constituency 128,24.07857142857143,86.22857142857143,196757,71.14,1.92,TMC,40.22,38.3,7.34,10.81,3.33,10.0,72.96,71.26,1
129,Constituency 129,24.07857142857143,86.5142857142857,157083,90.69,18.07,TMC,51.77,33.7,0.94,8.54,5.05,27.38,81.14,45.03,3
130,Constituency 130,24.07857142857143,86.80000000000001,207076,76.9,7.73,TMC,48.4,40.67,8.33,1.09,1.52,35.45,75.85,71.58,0
131,Constituency 131,24.07857142857143,87.08571428571429,233214,82.05,13.62,TMC,50.46,36.83,7.58,1.08,4.05,24.61,81.99,51.65,1
132,Constituency 132,24.07857142857143,87.37142857142857,180313,79.77,3.85,TMC,45.6,41.76,8.59,2.94,1.11,41.33,73.72,70.82,0
133,Constituency 133,24.07857142857143,87.65714285714284,200512,79.14,5.12,TMC,46.71,41.59,1.06,3.15,7.48,34.88,80.13,53.9,0
134,Constituency 134,24.07857142857143,87.94285714285715,178322,85.85,15.67,TMC,49.54,33.86,4.71,10.85,1.04,46.97,77.88,48.5,2
135,Constituency 135,24.07857142857143,88.22857142857143,188290,84.0,8.18,TMC,40.82,32.64,12.33,11.51,2.71,10.0,60.5,46.48,1
136,Constituency 136,24.07857142857143,88.5142857142857,188383,76.65,11.41,TMC,42.7,31.28,2.36,9.03,14.63,10.0,57.55,50.63,1
137,Constituency 137,24.07857142857143,88.80000000000001,224577,79.64,7.36,BJP,34.29,41.65,7.71,15.42,0.93,23.55,81.76,47.11,3
138,Constituency 138,24.07857142857143,89.08571428571429,184643,81.74,12.98,TMC,47.28,34.3,4.08,4.38,9.96,28.18,78.47,37.52,3
139,Constituency 139,24.07857142857143,89.37142857142857,192094,76.13,0.33,TMC,41.04,40.71,3.45,2.45,12.35,30.04,80.82,48.35,3
140,Constituency 140,24.07857142857143,89.65714285714284,203534,90.65,14.72,TMC,45.3,30.59,6.02,8.22,9.87,42.89,78.87,52.02,0
141,Constituency 141,24.35,85.94285714285715,169131,68.55,15.58,TMC,50.18,34.6,1.18,3.46,10.58,62.29,72.82,59.71,2
142,Constituency 142,24.35,86.22857142857143,216391,72.84,8.57,TMC,43.43,34.86,4.8,4.55,12.36,35.86,81.5,65.37,0
143,Constituency 143,24.35,86.5142857142857,191719,82.9,0.05,TMC,36.71,36.65,12.07,7.6,6.98,51.81,82.63,43.98,2
144,Constituency 144,24.35,86.80000000000001,200555,77.3,8.96,TMC,45.03,36.07,10.57,7.35,0.98,18.77,76.1,66.81,1
145,Constituency 145,24.35,87.08571428571429,240813,85.52,12.64,TMC,48.02,35.38,6.59,7.33,2.68,20.72,72.19,59.16,1
146,Constituency 146,24.35,87.37142857142857,146759,81.9,2.32,TMC,39.17,36.85,9.56,10.71,3.7,18.96,68.35,28.09,3
147,Constituency 147,24.35,87.65714285714284,187058,75.27,9.49,TMC,41.79,32.3,8.85,12.49,4.56,16.19,84.0,26.01,3
148,Constituency 148,24.35,87.94285714285715,216561,83.47,23.51,TMC,53.8,30.3,8.19,1.17,6.54,47.06,81.36,36.86,2
149,Constituency 149,24.35,88.22857142857143,198465,82.38,0.84,BJP,37.09,37.93,6.74,2.34,15.89,10.0,73.76,82.09,1
150,Constituency 150,24.35,88.5142857142857,212886,83.88,1.51,TMC,38.96,37.45,13.25,5.11,5.23,24.8,78.19,46.96,3
151,Constituency 151,24.35,88.80000000000001,131280,71.82,2.51,TMC,37.71,35.2,8.94,5.11,13.03,12.23,71.62,26.38,3
152,Constituency 152,24.35,89.08571428571429,220687,85.07,1.79,TMC,36.47,34.68,12.55,9.11,7.18,34.62,66.07,20.11,3
153,Constituency 153,24.35,89.37142857142857,214875,79.47,2.89,TMC,43.01,40.12,8.62,6.6,1.66,61.65,64.61,54.79,2
154,Constituency 154,24.35,89.65714285714284,173169,83.56,7.53,BJP,35.07,42.6,8.77,12.62,0.94,10.0,67.31,38.33,3
155,Constituency 155,24.62142857142857,85.94285714285715,174510,82.29,20.7,TMC,54.85,34.15,2.12,7.72,1.16,24.08,58.57,77.04,1
156,Constituency 156,24.62142857142857,86.22857142857143,181419,74.97,14.24,TMC,46.46,32.23,7.31,13.17,0.83,72.4,98.14,49.36,2
157,Constituency 157,24.62142857142857,86.5142857142857,191540,82.33,7.95,TMC,42.39,34.44,7.84,14.29,1.03,34.58,81.7,57.82,0
158,Constituency 158,24.62142857142857,86.80000000000001,197264,83.66,5.12,TMC,44.78,39.67,8.98,5.62,0.95,10.0,61.69,58.24,1
159,Constituency 159,24.62142857142857,87.08571428571429,176790,85.77,14.2,TMC,47.8,33.61,1.09,7.05,10.45,10.0,76.38,54.78,1
160,Constituency 160,24.62142857142857,87.37142857142857,169270,75.09,8.63,TMC,41.69,33.05,9.6,14.75,0.91,10.0,83.6,53.5,1
161,Constituency 161,24.62142857142857,87.65714285714284,176183,76.24,21.61,TMC,49.39,27.78,8.85,1.04,12.93,25.16,75.38,66.51,1
162,Constituency 162,24.62142857142857,87.94285714285715,198373,81.3,20.1,TMC,51.31,31.21,4.27,9.14,4.08,42.63,78.86,45.69,2
163,Constituency 163,24.62142857142857,88.22857142857143,228461,95.0,6.4,TMC,42.47,36.07,7.43,3.2,10.84,10.0,65.22,43.88,3
164,Constituency 164,24.62142857142857,88.5142857142857,187204,80.87,2.36,BJP,45.87,48.23,1.1,3.71,1.1,57.87,64.78,40.7,2
165,Constituency 165,24.62142857142857,88.80000000000001,154138,76.38,0.85,BJP,39.63,40.48,4.97,4.83,10.09,32.45,69.94,74.42,0
166,Constituency 166,24.62142857142857,89.08571428571429,215773,77.84,0.6,TMC,35.26,34.67,11.72,11.8,6.55,31.67,81.66,49.7,0
167,Constituency 167,24.62142857142857,89.37142857142857,201265,84.66,10.65,TMC,50.38,39.73,4.71,4.22,0.97,32.77,71.47,61.02,0
168,Constituency 168,24.62142857142857,89.65714285714284,224076,79.36,6.07,BJP,36.61,42.68,6.81,0.84,13.06,41.6,74.91,41.25,2
169,Constituency 169,24.892857142857142,85.94285714285715,190534,70.03,7.35,TMC,46.85,39.5,5.95,5.74,1.95,48.46,68.81,62.76,0
170,Constituency 170,24.892857142857142,86.22857142857143,188374,71.79,18.45,TMC,51.58,33.13,6.49,5.91,2.88,16.74,72.09,31.23,3
171,Constituency 171,24.892857142857142,86.5142857142857,213230,83.44,3.8,BJP,45.29,49.09,0.99,0.99,3.65,10.0,72.73,46.73,3
172,Constituency 172,24.892857142857142,86.80000000000001,154035,84.67,3.51,TMC,40.11,36.61,4.0,7.4,11.88,46.46,84.66,70.57,0
173,Constituency 173,24.892857142857142,87.08571428571429,142818,79.71,11.67,TMC,45.49,33.82,14.87,0.86,4.97,24.46,80.12,41.0,3
174,Constituency 174,24.892857142857142,87.37142857142857,212056,74.28,16.2,TMC,47.94,31.74,4.43,9.22,6.68,34.79,88.08,32.73,3
175,Constituency 175,24.892857142857142,87.65714285714284,214161,77.13,11.29,TMC,44.45,33.16,6.38,3.08,12.93,30.44,73.93,47.81,3
176,Constituency 176,24.892857142857142,87.94285714285715,233090,83.62,1.47,TMC,41.35,39.88,5.56,12.24,0.97,33.57,79.03,46.56,0
177,Constituency 177,24.892857142857142,88.22857142857143,208965,82.86,3.81,TMC,41.33,37.52,15.71,4.57,0.86,41.22,80.57,36.02,2
178,Constituency 178,24.892857142857142,88.5142857142857,206565,81.63,8.41,TMC,42.86,34.45,12.21,0.78,9.7,31.55,78.82,42.22,3
179,Constituency 179,24.892857142857142,88.80000000000001,162640,79.26,2.95,TMC,43.86,40.91,9.32,4.95,0.96,49.88,75.73,28.41,2
180,Constituency 180,24.892857142857142,89.08571428571429,191654,80.53,1.64,TMC,43.06,41.43,7.0,2.31,6.2,12.57,100.0,46.1,3
181,Constituency 181,24.892857142857142,89.37142857142857,201281,81.89,0.38,TMC,41.72,41.34,7.23,4.22,5.49,38.14,74.72,58.09,0
182,Constituency 182,24.892857142857142,89.65714285714284,166669,81.03,3.53,TMC,37.24,33.71,11.34,5.57,12.15,14.82,74.33,79.64,1
183,Constituency 183,25.164285714285715,85.94285714285715,213896,83.76,5.07,TMC,49.99,44.92,2.65,1.22,1.22,19.34,76.02,20.0,3
184,Constituency 184,25.164285714285715,86.22857142857143,249249,77.9,12.29,TMC,44.86,32.57,12.32,6.88,3.37,38.98,81.65,31.78,3
185,Constituency 185,25.164285714285715,86.5142857142857,158034,74.4,13.51,TMC,54.26,40.75,2.32,1.33,1.33,30.34,73.37,47.48,3
186,Constituency 186,25.164285714285715,86.80000000000001,214995,73.18,5.27,TMC,44.28,39.01,8.09,2.0,6.62,19.31,75.1,36.98,3
187,Constituency 187,25.164285714285715,87.08571428571429,243737,83.89,7.75,TMC,46.97,39.21,5.78,6.98,1.05,42.37,74.08,37.75,2
188,Constituency 188,25.164285714285715,87.37142857142857,222233,77.25,4.93,TMC,38.84,33.9,5.76,13.92,7.58,52.24,72.55,20.97,2
189,Constituency 189,25.164285714285715,87.65714285714284,183342,82.19,7.18,TMC,46.44,39.26,1.12,12.19,1.0,26.24,78.92,38.09,3
190,Constituency 190,25.164285714285715,87.94285714285715,171419,78.17,7.69,TMC,42.62,34.92,6.03,9.56,6.87,55.24,74.62,67.95,0
191,Constituency 191,25.164285714285715,88.22857142857143,214919,77.48,2.7,TMC,42.19,39.48,9.79,3.93,4.6,23.89,80.66,34.89,3
192,Constituency 192,25.164285714285715,88.5142857142857,209358,81.97,0.4,TMC,38.14,37.74,5.78,11.89,6.45,24.11,71.79,73.84,1
193,Constituency 193,25.164285714285715,88.80000000000001,182365,80.84,6.19,TMC,48.42,42.22,3.38,1.1,4.88,59.19,76.73,57.31,2
194,Constituency 194,25.164285714285715,89.08571428571429,209397,77.01,5.25,TMC,40.39,35.14,9.51,7.4,7.57,36.91,72.78,56.57,0
195,Constituency 195,25.164285714285715,89.37142857142857,186510,76.76,10.66,BJP,36.86,47.52,7.1,7.51,1.01,33.39,75.15,50.34,0
196,Constituency 196,25.164285714285715,89.65714285714284,210218,80.03,4.09,TMC,46.38,42.29,5.4,5.03,0.91,57.46,71.21,36.11,2
197,Constituency 197,25.435714285714287,85.94285714285715,162536,76.29,17.51,TMC,49.71,32.2,4.34,0.99,12.76,37.17,81.39,53.5,0
198,Constituency 198,25.435714285714287,86.22857142857143,190193,79.23,10.46,TMC,45.67,35.21,9.16,9.0,0.97,75.19,75.91,53.6,2
199,Constituency 199,25.435714285714287,86.5142857142857,191696,77.81,7.87,TMC,47.67,39.8,5.03,3.23,4.27,22.05,60.05,49.59,1
200,Constituency 200,25.435714285714287,86.80000000000001,161579,83.44,12.19,TMC,45.18,32.99,11.35,1.08,9.4,45.72,79.23,43.27,2
201,Constituency 201,25.435714285714287,87.08571428571429,182355,78.79,6.3,TMC,39.51,33.21,10.11,5.04,12.13,10.0,67.36,71.72,1
202,Constituency 202,25.435714285714287,87.37142857142857,147839,84.67,4.52,BJP,38.29,42.81,11.56,6.49,0.86,34.01,70.61,53.54,0
203,Constituency 203,25.435714285714287,87.65714285714284,165492,87.58,0.37,TMC,41.19,40.82,8.21,8.79,0.99,22.14,76.52,33.92,3
204,Constituency 204,25.435714285714287,87.94285714285715,206782,75.24,3.54,TMC,41.15,37.61,5.77,7.2,8.26,27.18,82.93,56.88,0
205,Constituency 205,25.435714285714287,88.22857142857143,192004,72.74,12.92,TMC,49.07,36.15,9.5,1.11,4.16,10.0,78.47,56.89,1
206,Constituency 206,25.435714285714287,88.5142857142857,191716,81.7,6.75,TMC,41.12,34.37,14.41,8.96,1.13,10.0,66.91,51.75,1
207,Constituency 207,25.435714285714287,88.80000000000001,216651,78.14,1.57,BJP,41.63,43.2,8.31,4.47,2.38,10.0,71.68,72.47,1
208,Constituency 208,25.435714285714287,89.08571428571429,176995,79.37,1.59,BJP,41.16,42.75,7.58,7.5,1.01,61.91,75.84,45.84,2
209,Constituency 209,25.435714285714287,89.37142857142857,159771,85.7,5.86,TMC,42.96,37.1,7.12,7.55,5.26,26.89,67.1,56.35,1
210,Constituency 210,25.435714285714287,89.65714285714284,173009,85.71,12.96,TMC,51.81,38.85,1.74,3.1,4.5,50.55,66.01,52.63,2
211,Constituency 211,25.707142857142856,85.94285714285715,183359,68.69,2.34,BJP,38.67,41.0,8.94,10.45,0.94,10.0,58.98,58.49,1
212,Constituency 212,25.707142857142856,86.22857142857143,214345,84.06,14.45,TMC,51.37,36.92,4.46,0.88,6.38,10.0,65.85,56.15,1
213,Constituency 213,25.707142857142856,86.5142857142857,213423,78.86,3.57,TMC,43.67,40.1,7.09,4.18,4.96,42.08,86.0,63.6,0
214,Constituency 214,25.707142857142856,86.80000000000001,124781,75.11,1.19,TMC,43.08,41.89,10.21,0.96,3.87,10.0,86.43,47.83,3
215,Constituency 215,25.707142857142856,87.08571428571429,224762,83.17,12.36,TMC,46.35,33.99,8.35,10.37,0.94,10.0,71.25,57.59,1
216,Constituency 216,25.707142857142856,87.37142857142857,191213,81.67,2.93,TMC,37.51,34.59,8.96,11.79,7.15,12.31,77.26,74.28,1
217,Constituency 217,25.707142857142856,87.65714285714284,170937,78.58,1.16,TMC,43.05,41.9,9.41,1.21,4.44,46.03,92.33,36.87,2
218,Constituency 218,25.707142857142856,87.94285714285715,183549,74.26,0.38,TMC,34.99,34.61,20.84,3.01,6.55,10.0,75.94,41.2,3
219,Constituency 219,25.707142857142856,88.22857142857143,155525,80.32,2.17,TMC,40.51,38.34,16.68,0.9,3.57,10.0,73.19,38.79,3
220,Constituency 220,25.707142857142856,88.5142857142857,189497,75.45,16.55,TMC,49.72,33.17,6.23,1.08,9.79,10.0,85.26,57.18,1
221,Constituency 221,25.707142857142856,88.80000000000001,126295,87.7,1.84,TMC,45.36,43.52,2.87,1.0,7.24,10.0,75.51,67.44,1
222,Constituency 222,25.707142857142856,89.08571428571429,200160,73.05,5.32,TMC,44.42,39.1,2.57,3.23,10.68,28.01,60.92,64.1,1
223,Constituency 223,25.707142857142856,89.37142857142857,218941,86.36,20.32,TMC,53.61,33.29,4.56,7.53,1.02,44.4,89.28,25.17,2
224,Constituency 224,25.707142857142856,89.65714285714284,168052,71.91,7.75,BJP,38.49,46.23,3.19,3.72,8.36,10.0,73.38,37.8,3
225,Constituency 225,25.978571428571428,85.94285714285715,213160,79.64,9.61,BJP,34.05,43.66,5.65,11.97,4.66,32.85,83.59,39.04,3
226,Constituency 226,25.978571428571428,86.22857142857143,204749,76.85,10.17,TMC,46.79,36.62,5.12,0.89,10.58,39.06,83.68,47.17,0
227,Constituency 227,25.978571428571428,86.5142857142857,181095,76.07,9.37,TMC,46.47,37.09,2.9,10.41,3.12,34.85,85.17,46.86,0
228,Constituency 228,25.978571428571428,86.80000000000001,180297,73.18,16.23,TMC,41.47,25.24,13.25,9.72,10.32,24.26,86.25,64.26,1
229,Constituency 229,25.978571428571428,87.08571428571429,156736,87.42,1.25,TMC,47.17,45.92,3.7,2.03,1.18,14.89,61.47,47.55,1
230,Constituency 230,25.978571428571428,87.37142857142857,191633,81.13,1.75,TMC,45.71,43.96,1.07,8.2,1.07,40.53,84.56,47.86,0
231,Constituency 231,25.978571428571428,87.65714285714284,268569,72.72,10.85,TMC,50.31,39.46,1.48,5.98,2.77,13.67,76.78,69.67,1
232,Constituency 232,25.978571428571428,87.94285714285715,227833,73.94,3.25,BJP,40.75,44.0,4.66,1.21,9.39,39.95,78.71,80.26,0
233,Constituency 233,25.978571428571428,88.22857142857143,199560,78.71,7.64,TMC,42.01,34.37,1.03,4.9,17.69,26.7,90.35,38.63,3
234,Constituency 234,25.978571428571428,88.5142857142857,192816,91.45,17.52,TMC,52.3,34.78,7.58,4.15,1.19,20.78,81.06,20.0,3
235,Constituency 235,25.978571428571428,88.80000000000001,261650,82.86,5.8,TMC,43.35,37.55,11.59,6.56,0.95,36.32,68.33,35.59,3
236,Constituency 236,25.978571428571428,89.08571428571429,216921,77.89,11.69,TMC,50.9,39.22,1.18,7.51,1.18,35.56,63.97,70.31,0
237,Constituency 237,25.978571428571428,89.37142857142857,197786,86.43,6.07,TMC,42.14,36.08,15.31,2.69,3.78,47.95,65.98,53.77,2
238,Constituency 238,25.978571428571428,89.65714285714284,176107,77.72,10.37,TMC,44.57,34.2,4.07,16.11,1.05,54.3,69.79,36.24,2
239,Constituency 239,26.25,85.94285714285715,198203,75.91,6.17,TMC,48.84,42.67,2.6,5.0,0.89,24.51,82.58,46.37,3
240,Constituency 240,26.25,86.22857142857143,164465,80.77,9.45,TMC,49.96,40.5,3.4,5.1,1.05,29.24,83.28,39.81,3
241,Constituency 241,26.25,86.5142857142857,195855,78.7,1.19,BJP,44.65,45.84,4.28,1.08,4.16,60.72,79.84,53.91,2
242,Constituency 242,26.25,86.80000000000001,221101,74.09,8.62,TMC,41.15,32.53,12.0,5.42,8.91,48.97,75.81,46.71,2
243,Constituency 243,26.25,87.08571428571429,139709,83.12,0.43,BJP,44.16,44.59,2.57,7.69,0.99,78.68,72.87,41.4,2
244,Constituency 244,26.25,87.37142857142857,184338,87.34,8.87,TMC,42.63,33.77,12.29,9.16,2.15,18.64,95.83,26.23,3
245,Constituency 245,26.25,87.65714285714284,204504,77.29,1.11,TMC,39.19,38.07,12.66,2.76,7.31,36.31,98.23,54.5,0
246,Constituency 246,26.25,87.94285714285715,174235,74.56,7.49,TMC,40.86,33.38,5.11,11.86,8.79,26.74,87.51,56.42,0
247,Constituency 247,26.25,88.22857142857143,177886,76.09,0.98,TMC,42.21,41.23,5.51,7.71,3.33,28.56,58.55,54.03,1
248,Constituency 248,26.25,88.5142857142857,203354,85.04,10.7,TMC,43.74,33.04,9.15,5.58,8.49,45.73,74.03,66.65,0
249,Constituency 249,26.25,88.80000000000001,238697,76.19,4.92,TMC,39.92,34.99,12.4,7.17,5.52,14.39,56.88,38.36,3
250,Constituency 250,26.25,89.08571428571429,232749,75.67,2.21,BJP,37.65,39.86,3.63,10.87,7.99,60.53,69.5,48.45,2
251,Constituency 251,26.25,89.37142857142857,232995,81.77,16.94,TMC,52.51,35.58,3.17,1.51,7.23,10.0,69.07,43.32,3
252,Constituency 252,26.25,89.65714285714284,193571,78.62,5.71,TMC,46.8,41.1,3.98,1.05,7.07,57.42,79.47,71.02,0
253,Constituency 253,26.521428571428572,85.94285714285715,186831,77.12,6.89,TMC,41.7,34.8,9.8,10.24,3.45,35.92,73.07,25.25,3
254,Constituency 254,26.521428571428572,86.22857142857143,190508,80.15,0.52,TMC,43.26,42.75,1.0,9.89,3.1,22.96,73.9,65.69,1
255,Constituency 255,26.521428571428572,86.5142857142857,170596,83.48,11.4,TMC,47.14,35.75,10.16,5.34,1.61,29.24,63.15,29.52,3
256,Constituency 256,26.521428571428572,86.80000000000001,158443,84.69,10.64,TMC,43.99,33.35,6.14,12.27,4.24,69.96,80.33,59.56,2
257,Constituency 257,26.521428571428572,87.08571428571429,230717,75.94,2.26,BJP,36.44,38.7,1.32,10.87,12.67,18.76,79.12,66.97,1
258,Constituency 258,26.521428571428572,87.37142857142857,150684,79.01,14.28,TMC,53.12,38.84,1.02,1.02,5.99,12.39,87.59,57.61,1
259,Constituency 259,26.521428571428572,87.65714285714284,256989,73.34,1.73,TMC,40.29,38.56,9.83,6.12,5.21,10.0,72.47,52.3,1
260,Constituency 260,26.521428571428572,87.94285714285715,187964,77.85,8.13,TMC,47.23,39.1,1.12,3.86,8.69,68.81,61.54,22.18,2
261,Constituency 261,26.521428571428572,88.22857142857143,170176,78.33,5.48,TMC,43.14,37.66,8.81,6.18,4.2,10.0,62.66,50.26,1
262,Constituency 262,26.521428571428572,88.5142857142857,201041,73.15,12.76,TMC,48.76,36.0,9.76,0.94,4.55,27.41,63.94,89.97,1
263,Constituency 263,26.521428571428572,88.80000000000001,130040,82.55,3.35,BJP,40.14,43.49,10.77,4.34,1.26,39.76,75.82,60.65,0
264,Constituency 264,26.521428571428572,89.08571428571429,246819,82.23,9.83,TMC,48.46,38.63,1.14,10.64,1.14,42.9,89.02,92.86,0
265,Constituency 265,26.521428571428572,89.37142857142857,217387,75.73,0.67,TMC,39.21,38.54,14.73,2.96,4.56,73.06,80.13,37.91,2
266,Constituency 266,26.521428571428572,89.65714285714284,220581,85.21,8.99,TMC,46.66,37.67,4.02,3.19,8.46,37.34,77.58,32.32,3
267,Constituency 267,26.792857142857144,85.94285714285715,198272,86.75,2.06,BJP,45.56,47.62,1.13,4.55,1.13,30.72,84.27,49.2,0
268,Constituency 268,26.792857142857144,86.22857142857143,151146,76.45,4.41,TMC,47.37,42.96,6.31,2.18,1.18,10.0,55.12,39.28,3
269,Constituency 269,26.792857142857144,86.5142857142857,229905,76.65,11.68,BJP,33.17,44.85,8.51,3.79,9.68,73.68,83.17,37.24,2
270,Constituency 270,26.792857142857144,86.80000000000001,163286,79.23,12.05,TMC,44.65,32.6,12.12,1.44,9.19,27.75,91.8,37.05,3
271,Constituency 271,26.792857142857144,87.08571428571429,187158,79.38,12.87,TMC,50.08,37.21,4.51,0.95,7.25,36.13,66.86,43.98,3
272,Constituency 272,26.792857142857144,87.37142857142857,219280,81.67,1.32,BJP,39.38,40.7,10.73,7.98,1.22,45.05,84.25,73.06,0
273,Constituency 273,26.792857142857144,87.65714285714284,239034,77.06,1.96,TMC,44.16,42.21,1.2,11.22,1.2,49.66,75.35,29.57,2
274,Constituency 274,26.792857142857144,87.94285714285715,166726,80.17,5.8,TMC,45.69,39.89,6.68,1.23,6.5,62.34,71.14,57.12,2
275,Constituency 275,26.792857142857144,88.22857142857143,203671,79.52,15.56,TMC,49.19,33.63,2.95,5.3,8.92,38.5,67.51,68.47,0
276,Constituency 276,26.792857142857144,88.5142857142857,187194,75.03,4.11,TMC,45.5,41.39,5.15,5.72,2.25,33.84,88.14,62.45,0
277,Constituency 277,26.792857142857144,88.80000000000001,225944,79.12,22.1,TMC,49.24,27.14,16.76,0.94,5.92,10.0,82.59,35.67,3
278,Constituency 278,26.792857142857144,89.08571428571429,236920,85.64,12.67,TMC,48.05,35.38,10.57,1.0,4.99,41.02,84.11,67.9,0
279,Constituency 279,26.792857142857144,89.37142857142857,175646,80.06,0.99,TMC,40.19,39.2,5.89,10.15,4.57,13.25,77.35,34.36,3
280,Constituency 280,26.792857142857144,89.65714285714284,198210,72.46,7.22,BJP,40.03,47.25,10.19,1.12,1.42,10.0,60.64,69.13,1
281,Constituency 281,27.064285714285713,85.94285714285715,232585,72.08,2.41,BJP,34.08,36.49,6.71,8.51,14.21,13.12,68.19,52.73,1
282,Constituency 282,27.064285714285713,86.22857142857143,222900,85.61,3.89,TMC,43.63,39.74,2.99,3.96,9.67,10.0,73.64,35.51,3
283,Constituency 283,27.064285714285713,86.5142857142857,161689,84.43,18.22,TMC,48.28,30.06,8.28,0.95,12.43,14.46,68.64,55.06,1
284,Constituency 284,27.064285714285713,86.80000000000001,204494,74.59,1.6,TMC,42.49,40.89,1.01,14.6,1.01,28.18,54.89,74.96,1
285,Constituency 285,27.064285714285713,87.08571428571429,190414,91.04,0.55,TMC,41.23,40.68,6.04,2.98,9.07,41.16,80.46,54.82,0
286,Constituency 286,27.064285714285713,87.37142857142857,223225,81.17,7.56,TMC,43.08,35.52,5.09,8.85,7.46,41.01,77.94,45.45,2
287,Constituency 287,27.064285714285713,87.65714285714284,174935,82.12,13.81,TMC,46.18,32.37,7.03,10.46,3.95,20.74,80.83,57.42,1
288,Constituency 288,27.064285714285713,87.94285714285715,215283,81.88,0.5,BJP,35.53,36.03,12.36,9.57,6.5,10.0,79.84,63.53,1
289,Constituency 289,27.064285714285713,88.22857142857143,221888,87.08,19.56,TMC,50.34,30.78,7.7,7.66,3.53,21.99,70.86,32.87,3
290,Constituency 290,27.064285714285713,88.5142857142857,209037,95.0,10.13,TMC,47.26,37.12,9.62,4.91,1.09,34.0,66.24,39.02,3
291,Constituency 291,27.064285714285713,88.80000000000001,189739,76.09,16.31,TMC,48.93,32.62,0.96,2.12,15.38,48.41,52.68,65.47,0
292,Constituency 292,27.064285714285713,89.08571428571429,195848,76.08,3.34,BJP,41.51,44.86,5.39,1.02,7.21,10.0,69.3,66.17,1
293,Constituency 293,27.064285714285713,89.37142857142857,266811,75.3,1.96,BJP,44.43,46.39,2.76,2.99,3.43,54.25,68.9,55.84,2
294,Constituency 294,27.064285714285713,89.65714285714284,189429,91.71,5.22,TMC,45.74,40.52,8.22,0.97,4.55,17.39,73.3,29.03,3
